<DATE>,<TIME>,<OPEN>,<HIGH>,<LOW>,<CLOSE>,<VOL>
01/01/19,000000,1.0169000,1.0191000,0.9419000,1.0166000,477
02/01/19,000000,1.0180000,1.0222000,1.0078000,1.0097000,2980
03/01/19,000000,1.0094000,1.0154000,1.0055000,1.0122000,3269
04/01/19,000000,1.0119000,1.0147000,1.0091000,1.0135000,3178
05/01/19,000000,1.0134000,1.0136000,1.0128000,1.0129000,137
06/01/19,000000,1.0133000,1.0136000,1.0125000,1.0134000,61
07/01/19,000000,1.0134000,1.0214000,1.0115000,1.0205000,2955
08/01/19,000000,1.0204000,1.0213000,1.0165000,1.0187000,3118
09/01/19,000000,1.0185000,1.0272000,1.0176000,1.0271000,3136
10/01/19,000000,1.0269000,1.0290000,1.0150000,1.0152000,3211
11/01/19,000000,1.0150000,1.0187000,1.0142000,1.0163000,3043
12/01/19,000000,1.0161000,1.0165000,1.0154000,1.0157000,135
13/01/19,000000,1.0149000,1.0152000,1.0138000,1.0147000,61
14/01/19,000000,1.0146000,1.0202000,1.0146000,1.0190000,2906
15/01/19,000000,1.0188000,1.0200000,1.0104000,1.0125000,3063
16/01/19,000000,1.0124000,1.0127000,1.0089000,1.0095000,3041
17/01/19,000000,1.0092000,1.0102000,1.0044000,1.0063000,2969
18/01/19,000000,1.0060000,1.0066000,1.0038000,1.0041000,2971
19/01/19,000000,1.0039000,1.0048000,1.0039000,1.0048000,115
20/01/19,000000,1.0042000,1.0074000,1.0041000,1.0043000,61
21/01/19,000000,1.0046000,1.0062000,1.0009000,1.0024000,2733
22/01/19,000000,1.0023000,1.0037000,1.0011000,1.0022000,2984
23/01/19,000000,1.0019000,1.0059000,1.0006000,1.0050000,3040
24/01/19,000000,1.0048000,1.0064000,1.0019000,1.0034000,3062
25/01/19,000000,1.0032000,1.0075000,1.0022000,1.0074000,3152
26/01/19,000000,1.0072000,1.0076000,1.0060000,1.0065000,133
27/01/19,000000,1.0065000,1.0069000,1.0059000,1.0064000,61
28/01/19,000000,1.0060000,1.0094000,1.0060000,1.0081000,2963
29/01/19,000000,1.0078000,1.0091000,1.0039000,1.0051000,3032
30/01/19,000000,1.0048000,1.0066000,1.0002000,1.0056000,3130
31/01/19,000000,1.0053000,1.0090000,1.0044000,1.0053000,3164
01/02/19,000000,1.0050000,1.0077000,1.0033000,1.0045000,3074
02/02/19,000000,1.0042000,1.0048000,1.0033000,1.0041000,139
03/02/19,000000,1.0050000,1.0050000,1.0035000,1.0036000,61
04/02/19,000000,1.0036000,1.0047000,1.0003000,1.0017000,2871
05/02/19,000000,1.0015000,1.0022000,0.9978000,0.9999000,2900
06/02/19,000000,0.9997000,1.0010000,0.9969000,0.9979000,3034
07/02/19,000000,0.9977000,0.9998000,0.9965000,0.9976000,2965
08/02/19,000000,0.9973000,1.0002000,0.9968000,0.9997000,2914
09/02/19,000000,0.9996000,1.0000000,0.9993000,1.0000000,130
10/02/19,000000,0.9994000,0.9996000,0.9994000,0.9994000,61
11/02/19,000000,0.9995000,1.0008000,0.9898000,0.9954000,2858
12/02/19,000000,0.9952000,0.9960000,0.9904000,0.9939000,2908
13/02/19,000000,0.9939000,0.9955000,0.9904000,0.9908000,2954
14/02/19,000000,0.9908000,0.9953000,0.9899000,0.9946000,2908
15/02/19,000000,0.9943000,0.9953000,0.9909000,0.9950000,2850
16/02/19,000000,0.9948000,0.9953000,0.9941000,0.9943000,124
17/02/19,000000,0.9950000,0.9956000,0.9947000,0.9951000,61
18/02/19,000000,0.9953000,0.9974000,0.9939000,0.9956000,2699
19/02/19,000000,0.9955000,0.9996000,0.9936000,0.9989000,2863
20/02/19,000000,0.9986000,1.0016000,0.9976000,0.9990000,2993
21/02/19,000000,0.9988000,1.0003000,0.9974000,0.9987000,2928
22/02/19,000000,0.9985000,1.0010000,0.9972000,0.9994000,2952
23/02/19,000000,0.9991000,0.9997000,0.9990000,0.9997000,110
24/02/19,000000,0.9999000,1.0002000,0.9996000,0.9998000,61
25/02/19,000000,1.0002000,1.0015000,0.9985000,0.9995000,2427
26/02/19,000000,0.9993000,1.0010000,0.9977000,1.0000000,2844
27/02/19,000000,0.9998000,1.0036000,0.9982000,0.9986000,2834
28/02/19,000000,0.9984000,1.0072000,0.9970000,1.0015000,2994
01/03/19,000000,1.0013000,1.0033000,0.9988000,1.0007000,2956
02/03/19,000000,1.0005000,1.0010000,1.0003000,1.0007000,142
03/03/19,000000,1.0013000,1.0021000,1.0005000,1.0020000,61
04/03/19,000000,1.0018000,1.0019000,0.9976000,1.0012000,2823
05/03/19,000000,1.0010000,1.0012000,0.9941000,0.9955000,2885
06/03/19,000000,0.9955000,0.9967000,0.9941000,0.9952000,2893
07/03/19,000000,0.9951000,0.9962000,0.9874000,0.9880000,2563
08/03/19,000000,0.9879000,0.9929000,0.9874000,0.9918000,2955
09/03/19,000000,0.9916000,0.9920000,0.9912000,0.9919000,137
10/03/19,000000,0.9917000,0.9926000,0.9916000,0.9917000,91
11/03/19,000000,0.9919000,0.9928000,0.9879000,0.9892000,2622
12/03/19,000000,0.9891000,0.9935000,0.9885000,0.9921000,2917
13/03/19,000000,0.9919000,0.9972000,0.9913000,0.9962000,2659
14/03/19,000000,0.9957000,0.9969000,0.9946000,0.9960000,2832
15/03/19,000000,0.9958000,0.9987000,0.9944000,0.9975000,2640
16/03/19,000000,0.9975000,0.9990000,0.9975000,0.9985000,31
17/03/19,000000,0.9972000,0.9978000,0.9966000,0.9968000,91
18/03/19,000000,0.9973000,1.0001000,0.9970000,0.9989000,2881
19/03/19,000000,0.9984000,1.0013000,0.9981000,1.0006000,2913
20/03/19,000000,1.0004000,1.0104000,0.9986000,1.0072000,3054
21/03/19,000000,1.0071000,1.0095000,1.0051000,1.0079000,3173
22/03/19,000000,1.0076000,1.0084000,1.0027000,1.0062000,3086
23/03/19,000000,1.0065000,1.0075000,1.0061000,1.0073000,32
24/03/19,000000,1.0044000,1.0063000,1.0019000,1.0048000,91
25/03/19,000000,1.0050000,1.0088000,1.0047000,1.0075000,3026
26/03/19,000000,1.0072000,1.0080000,1.0044000,1.0053000,3075
27/03/19,000000,1.0052000,1.0093000,1.0030000,1.0050000,3148
28/03/19,000000,1.0047000,1.0056000,1.0024000,1.0042000,3118
29/03/19,000000,1.0037000,1.0054000,1.0022000,1.0045000,3154
30/03/19,000000,1.0044000,1.0055000,1.0030000,1.0051000,45
31/03/19,000000,1.0040000,1.0060000,1.0038000,1.0047000,91
01/04/19,000000,1.0045000,1.0063000,1.0002000,1.0008000,2944
02/04/19,000000,1.0007000,1.0026000,0.9992000,1.0017000,3070
03/04/19,000000,1.0016000,1.0045000,1.0009000,1.0017000,2713
04/04/19,000000,1.0014000,1.0026000,0.9993000,0.9997000,2865
05/04/19,000000,0.9995000,1.0005000,0.9982000,0.9995000,2837
06/04/19,000000,0.9993000,1.0001000,0.9992000,0.9998000,24
07/04/19,000000,0.9995000,1.0002000,0.9989000,0.9996000,59
08/04/19,000000,0.9994000,1.0020000,0.9991000,1.0008000,2614
09/04/19,000000,1.0005000,1.0018000,0.9987000,0.9999000,2897
10/04/19,000000,0.9997000,1.0004000,0.9963000,0.9973000,2914
11/04/19,000000,0.9969000,0.9988000,0.9950000,0.9965000,2854
12/04/19,000000,0.9963000,1.0001000,0.9960000,0.9969000,2865
13/04/19,000000,0.9969000,0.9985000,0.9969000,0.9985000,31
14/04/19,000000,0.9973000,0.9977000,0.9970000,0.9977000,64
15/04/19,000000,0.9977000,0.9989000,0.9950000,0.9957000,2546
16/04/19,000000,0.9955000,0.9966000,0.9915000,0.9922000,2976
17/04/19,000000,0.9917000,0.9931000,0.9887000,0.9892000,2999
18/04/19,000000,0.9890000,0.9906000,0.9839000,0.9845000,2893
19/04/19,000000,0.9844000,0.9868000,0.9838000,0.9850000,2761
20/04/19,000000,0.9855000,0.9856000,0.9855000,0.9856000,17
21/04/19,000000,0.9867000,0.9869000,0.9853000,0.9859000,76
22/04/19,000000,0.9858000,0.9859000,0.9838000,0.9843000,2320
23/04/19,000000,0.9843000,0.9847000,0.9771000,0.9803000,2849
24/04/19,000000,0.9799000,0.9832000,0.9781000,0.9797000,2902
25/04/19,000000,0.9794000,0.9808000,0.9773000,0.9799000,2896
26/04/19,000000,0.9796000,0.9817000,0.9769000,0.9806000,2927
27/04/19,000000,0.9806000,0.9806000,0.9796000,0.9806000,27
28/04/19,000000,0.9794000,0.9812000,0.9794000,0.9805000,60
29/04/19,000000,0.9805000,0.9816000,0.9786000,0.9805000,2878
30/04/19,000000,0.9804000,0.9826000,0.9798000,0.9811000,2956
01/05/19,000000,0.9807000,0.9872000,0.9802000,0.9823000,2778
02/05/19,000000,0.9822000,0.9830000,0.9797000,0.9808000,2962
03/05/19,000000,0.9806000,0.9839000,0.9788000,0.9836000,2969
04/05/19,000000,0.9835000,0.9836000,0.9831000,0.9836000,26
05/05/19,000000,0.9804000,0.9841000,0.9801000,0.9840000,59
06/05/19,000000,0.9840000,0.9849000,0.9804000,0.9823000,3085
07/05/19,000000,0.9821000,0.9840000,0.9775000,0.9808000,3012
08/05/19,000000,0.9804000,0.9832000,0.9791000,0.9798000,2929
09/05/19,000000,0.9796000,0.9876000,0.9789000,0.9849000,3037
10/05/19,000000,0.9849000,0.9898000,0.9840000,0.9880000,3066
11/05/19,000000,0.9884000,0.9884000,0.9865000,0.9874000,19
12/05/19,000000,0.9857000,0.9880000,0.9857000,0.9877000,62
13/05/19,000000,0.9877000,0.9948000,0.9874000,0.9937000,2978
14/05/19,000000,0.9932000,0.9948000,0.9901000,0.9912000,2950
15/05/19,000000,0.9911000,0.9942000,0.9900000,0.9917000,2805
16/05/19,000000,0.9908000,0.9925000,0.9891000,0.9899000,2947
17/05/19,000000,0.9897000,0.9913000,0.9878000,0.9889000,3029
18/05/19,000000,0.9888000,0.9899000,0.9888000,0.9899000,20
19/05/19,000000,0.9898000,0.9898000,0.9877000,0.9892000,289
20/05/19,000000,0.9887000,0.9918000,0.9875000,0.9913000,2887
21/05/19,000000,0.9912000,0.9917000,0.9879000,0.9889000,2962
22/05/19,000000,0.9886000,0.9932000,0.9878000,0.9908000,2964
23/05/19,000000,0.9900000,0.9974000,0.9899000,0.9964000,3020
24/05/19,000000,0.9962000,0.9989000,0.9954000,0.9980000,2919
25/05/19,000000,0.9976000,0.9977000,0.9975000,0.9975000,34
26/05/19,000000,0.9979000,0.9986000,0.9967000,0.9979000,274
27/05/19,000000,0.9984000,0.9985000,0.9937000,0.9959000,2629
28/05/19,000000,0.9958000,0.9964000,0.9899000,0.9922000,2974
29/05/19,000000,0.9919000,0.9949000,0.9909000,0.9917000,3013
30/05/19,000000,0.9913000,0.9929000,0.9899000,0.9929000,2991
31/05/19,000000,0.9918000,0.9997000,0.9913000,0.9987000,3144
01/06/19,000000,0.9984000,0.9997000,0.9981000,0.9997000,32
02/06/19,000000,0.9987000,1.0003000,0.9965000,1.0002000,326
03/06/19,000000,0.9982000,1.0087000,0.9975000,1.0074000,3199
04/06/19,000000,1.0070000,1.0096000,1.0044000,1.0076000,3142
05/06/19,000000,1.0075000,1.0146000,1.0046000,1.0051000,3153
06/06/19,000000,1.0049000,1.0120000,1.0039000,1.0085000,3131
07/06/19,000000,1.0082000,1.0141000,1.0046000,1.0120000,3080
08/06/19,000000,1.0125000,1.0125000,1.0118000,1.0118000,24
09/06/19,000000,1.0115000,1.0115000,1.0095000,1.0098000,313
10/06/19,000000,1.0110000,1.0113000,1.0077000,1.0101000,3117
11/06/19,000000,1.0099000,1.0107000,1.0061000,1.0075000,3097
12/06/19,000000,1.0073000,1.0095000,1.0036000,1.0043000,3106
13/06/19,000000,1.0040000,1.0081000,1.0037000,1.0060000,3133
14/06/19,000000,1.0058000,1.0072000,1.0001000,1.0011000,3027
15/06/19,000000,1.0008000,1.0021000,1.0008000,1.0019000,30
16/06/19,000000,1.0016000,1.0018000,1.0002000,1.0009000,65
17/06/19,000000,1.0010000,1.0031000,0.9998000,1.0008000,2881
18/06/19,000000,1.0003000,1.0033000,0.9985000,0.9997000,2986
19/06/19,000000,0.9993000,1.0082000,0.9980000,1.0057000,2972
20/06/19,000000,1.0054000,1.0208000,1.0054000,1.0183000,3194
21/06/19,000000,1.0183000,1.0248000,1.0161000,1.0240000,3091
22/06/19,000000,1.0238000,1.0246000,1.0232000,1.0241000,29
23/06/19,000000,1.0230000,1.0245000,1.0230000,1.0236000,62
24/06/19,000000,1.0239000,1.0296000,1.0218000,1.0286000,3064
25/06/19,000000,1.0284000,1.0314000,1.0227000,1.0249000,3072
26/06/19,000000,1.0245000,1.0261000,1.0217000,1.0223000,3156
27/06/19,000000,1.0222000,1.0244000,1.0185000,1.0238000,3010
28/06/19,000000,1.0235000,1.0266000,1.0229000,1.0240000,2980
29/06/19,000000,1.0243000,1.0243000,1.0220000,1.0221000,30
30/06/19,000000,1.0229000,1.0239000,1.0206000,1.0209000,67
01/07/19,000000,1.0208000,1.0221000,1.0114000,1.0123000,3096
02/07/19,000000,1.0121000,1.0165000,1.0109000,1.0138000,3021
03/07/19,000000,1.0136000,1.0166000,1.0125000,1.0136000,2976
04/07/19,000000,1.0133000,1.0153000,1.0125000,1.0147000,2720
05/07/19,000000,1.0149000,1.0155000,1.0066000,1.0082000,2900
06/07/19,000000,1.0080000,1.0085000,1.0074000,1.0085000,22
07/07/19,000000,1.0080000,1.0080000,1.0071000,1.0080000,64
08/07/19,000000,1.0076000,1.0100000,1.0050000,1.0060000,2961
09/07/19,000000,1.0057000,1.0075000,1.0045000,1.0063000,2979
10/07/19,000000,1.0061000,1.0112000,1.0054000,1.0104000,3011
11/07/19,000000,1.0104000,1.0153000,1.0092000,1.0096000,3167
12/07/19,000000,1.0095000,1.0164000,1.0089000,1.0159000,3121
13/07/19,000000,1.0156000,1.0165000,1.0156000,1.0165000,27
15/07/19,000000,1.0158000,1.0184000,1.0144000,1.0156000,2808
16/07/19,000000,1.0154000,1.0165000,1.0103000,1.0121000,2971
17/07/19,000000,1.0118000,1.0135000,1.0090000,1.0126000,2909
18/07/19,000000,1.0123000,1.0192000,1.0107000,1.0187000,3076
19/07/19,000000,1.0185000,1.0195000,1.0153000,1.0183000,3164
20/07/19,000000,1.0183000,1.0183000,1.0169000,1.0173000,28
21/07/19,000000,1.0161000,1.0167000,1.0160000,1.0164000,59
22/07/19,000000,1.0171000,1.0198000,1.0158000,1.0181000,3027
23/07/19,000000,1.0179000,1.0184000,1.0139000,1.0147000,2985
24/07/19,000000,1.0149000,1.0164000,1.0123000,1.0153000,2965
25/07/19,000000,1.0151000,1.0156000,1.0081000,1.0091000,2949
26/07/19,000000,1.0089000,1.0099000,1.0050000,1.0063000,2928
27/07/19,000000,1.0064000,1.0065000,1.0057000,1.0065000,28
28/07/19,000000,1.0058000,1.0067000,1.0054000,1.0065000,268
29/07/19,000000,1.0063000,1.0090000,1.0063000,1.0078000,2792
30/07/19,000000,1.0078000,1.0108000,1.0074000,1.0094000,2960
31/07/19,000000,1.0095000,1.0114000,1.0045000,1.0057000,2989
01/08/19,000000,1.0054000,1.0111000,1.0022000,1.0099000,3113
02/08/19,000000,1.0096000,1.0191000,1.0094000,1.0191000,2909
04/08/19,000000,1.0163000,1.0179000,1.0149000,1.0175000,369
05/08/19,000000,1.0173000,1.0303000,1.0171000,1.0302000,3319
06/08/19,000000,1.0299000,1.0302000,1.0208000,1.0246000,3225
07/08/19,000000,1.0243000,1.0315000,1.0203000,1.0255000,3201
08/08/19,000000,1.0253000,1.0270000,1.0216000,1.0265000,3182
09/08/19,000000,1.0262000,1.0343000,1.0248000,1.0343000,2715
11/08/19,000000,1.0271000,1.0292000,1.0260000,1.0292000,358
12/08/19,000000,1.0289000,1.0326000,1.0249000,1.0316000,3119
13/08/19,000000,1.0313000,1.0349000,1.0233000,1.0242000,3188
14/08/19,000000,1.0240000,1.0301000,1.0233000,1.0270000,3226
15/08/19,000000,1.0268000,1.0284000,1.0226000,1.0239000,3107
16/08/19,000000,1.0237000,1.0240000,1.0191000,1.0213000,2809
18/08/19,000000,1.0214000,1.0221000,1.0193000,1.0209000,407
19/08/19,000000,1.0207000,1.0230000,1.0178000,1.0189000,2982
20/08/19,000000,1.0186000,1.0228000,1.0184000,1.0223000,3044
21/08/19,000000,1.0220000,1.0223000,1.0168000,1.0180000,3010
22/08/19,000000,1.0178000,1.0187000,1.0155000,1.0164000,2947
23/08/19,000000,1.0162000,1.0325000,1.0121000,1.0323000,2759
25/08/19,000000,1.0255000,1.0291000,1.0255000,1.0277000,461
26/08/19,000000,1.0274000,1.0276000,1.0191000,1.0212000,3237
27/08/19,000000,1.0210000,1.0228000,1.0164000,1.0191000,3103
28/08/19,000000,1.0188000,1.0199000,1.0171000,1.0187000,3088
29/08/19,000000,1.0185000,1.0202000,1.0122000,1.0140000,3067
30/08/19,000000,1.0138000,1.0141000,1.0079000,1.0105000,2806
01/09/19,000000,1.0086000,1.0111000,1.0079000,1.0105000,416
02/09/19,000000,1.0103000,1.0109000,1.0077000,1.0093000,2876
03/09/19,000000,1.0091000,1.0137000,1.0068000,1.0131000,3122
04/09/19,000000,1.0129000,1.0204000,1.0115000,1.0193000,3118
05/09/19,000000,1.0191000,1.0196000,1.0126000,1.0139000,3114
06/09/19,000000,1.0136000,1.0189000,1.0079000,1.0189000,2800
08/09/19,000000,1.0121000,1.0126000,1.0113000,1.0116000,385
09/09/19,000000,1.0114000,1.0117000,1.0073000,1.0074000,3092
10/09/19,000000,1.0072000,1.0110000,1.0065000,1.0083000,3129
11/09/19,000000,1.0080000,1.0086000,1.0053000,1.0060000,3061
12/09/19,000000,1.0058000,1.0118000,1.0051000,1.0093000,2998
13/09/19,000000,1.0091000,1.0149000,1.0086000,1.0145000,2837
15/09/19,000000,1.0103000,1.0133000,1.0103000,1.0131000,426
16/09/19,000000,1.0129000,1.0135000,1.0057000,1.0069000,3045
17/09/19,000000,1.0066000,1.0086000,1.0029000,1.0072000,3101
18/09/19,000000,1.0069000,1.0071000,1.0013000,1.0027000,3075
19/09/19,000000,1.0025000,1.0099000,1.0012000,1.0070000,3121
20/09/19,000000,1.0067000,1.0110000,1.0061000,1.0088000,2735
22/09/19,000000,1.0080000,1.0091000,1.0070000,1.0085000,378
23/09/19,000000,1.0083000,1.0109000,1.0073000,1.0102000,2985
24/09/19,000000,1.0100000,1.0156000,1.0083000,1.0139000,3102
25/09/19,000000,1.0138000,1.0146000,1.0072000,1.0087000,3142
26/09/19,000000,1.0085000,1.0093000,1.0047000,1.0065000,3031
27/09/19,000000,1.0063000,1.0104000,1.0049000,1.0104000,2618
29/09/19,000000,1.0078000,1.0095000,1.0078000,1.0088000,344
30/09/19,000000,1.0086000,1.0090000,1.0008000,1.0022000,2894
01/10/19,000000,1.0019000,1.0075000,0.9980000,1.0071000,3007
02/10/19,000000,1.0068000,1.0077000,0.9974000,1.0030000,2998
03/10/19,000000,1.0028000,1.0046000,0.9970000,1.0016000,3064
04/10/19,000000,1.0013000,1.0069000,0.9988000,1.0045000,2784
06/10/19,000000,1.0039000,1.0059000,1.0035000,1.0059000,400
07/10/19,000000,1.0057000,1.0072000,1.0031000,1.0050000,2963
08/10/19,000000,1.0048000,1.0094000,1.0037000,1.0073000,3114
09/10/19,000000,1.0071000,1.0081000,1.0033000,1.0069000,3065
10/10/19,000000,1.0065000,1.0084000,1.0024000,1.0037000,3101
11/10/19,000000,1.0035000,1.0040000,1.0005000,1.0024000,2758
13/10/19,000000,1.0026000,1.0032000,1.0011000,1.0017000,406
14/10/19,000000,1.0015000,1.0053000,1.0015000,1.0021000,3003
15/10/19,000000,1.0018000,1.0035000,1.0000000,1.0012000,2939
16/10/19,000000,1.0010000,1.0056000,1.0006000,1.0054000,3007
17/10/19,000000,1.0052000,1.0133000,1.0048000,1.0124000,2897
18/10/19,000000,1.0122000,1.0163000,1.0106000,1.0163000,2761
20/10/19,000000,1.0157000,1.0157000,1.0131000,1.0151000,673
21/10/19,000000,1.0149000,1.0159000,1.0123000,1.0139000,4015
22/10/19,000000,1.0137000,1.0139000,1.0100000,1.0105000,3784
23/10/19,000000,1.0103000,1.0113000,1.0083000,1.0094000,3337
24/10/19,000000,1.0092000,1.0108000,1.0063000,1.0075000,3821
25/10/19,000000,1.0073000,1.0091000,1.0042000,1.0051000,3588
27/10/19,000000,1.0050000,1.0056000,1.0041700,1.0051000,461
28/10/19,000000,1.0054600,1.0054600,1.0027000,1.0050000,2823
29/10/19,000000,1.0047000,1.0065000,1.0033000,1.0057000,2960
30/10/19,000000,1.0055000,1.0110000,1.0052000,1.0108000,3019
31/10/19,000000,1.0106000,1.0140000,1.0106000,1.0135000,3051
01/11/19,000000,1.0133000,1.0164000,1.0104000,1.0164000,2682
03/11/19,000000,1.0137000,1.0146000,1.0020000,1.0142000,308
04/11/19,000000,1.0139000,1.0147000,1.0108000,1.0115000,2938
05/11/19,000000,1.0113000,1.0119000,1.0060000,1.0070000,2987
06/11/19,000000,1.0070000,1.0083000,1.0057000,1.0074000,3005
07/11/19,000000,1.0072000,1.0087000,1.0021000,1.0051000,3019
08/11/19,000000,1.0048000,1.0055000,1.0018000,1.0022000,2761
10/11/19,000000,1.0024000,1.0030000,1.0019000,1.0026000,290
11/11/19,000000,1.0024000,1.0070000,1.0019000,1.0067000,2721
12/11/19,000000,1.0065000,1.0075000,1.0032000,1.0071000,2935
13/11/19,000000,1.0069000,1.0116000,1.0067000,1.0102000,2992
14/11/19,000000,1.0100000,1.0130000,1.0089000,1.0111000,2937
15/11/19,000000,1.0109000,1.0116000,1.0086000,1.0094000,2662
17/11/19,000000,1.0101000,1.0109000,1.0090000,1.0108000,273
18/11/19,000000,1.0106000,1.0131000,1.0084000,1.0106000,2827
19/11/19,000000,1.0104000,1.0109000,1.0077000,1.0095000,2774
20/11/19,000000,1.0092000,1.0100000,1.0062000,1.0095000,2846
21/11/19,000000,1.0093000,1.0109000,1.0063000,1.0071000,2921
22/11/19,000000,1.0069000,1.0070000,1.0015000,1.0027000,2570
24/11/19,000000,1.0021000,1.0022000,1.0012000,1.0021000,271
25/11/19,000000,1.0019000,1.0038000,1.0009000,1.0030000,2772
26/11/19,000000,1.0028000,1.0035000,1.0009000,1.0022000,2819
27/11/19,000000,1.0020000,1.0024000,0.9996000,1.0012000,2845
28/11/19,000000,1.0009000,1.0017000,0.9999000,1.0013000,2595
29/11/19,000000,1.0009000,1.0016000,0.9974000,0.9996000,2587
01/12/19,000000,1.0002000,1.0006000,0.9992000,0.9996000,316
02/12/19,000000,0.9994000,1.0087000,0.9988000,1.0084000,2856
03/12/19,000000,1.0082000,1.0142000,1.0070000,1.0126000,2927
04/12/19,000000,1.0123000,1.0145000,1.0095000,1.0116000,2941
05/12/19,000000,1.0115000,1.0132000,1.0102000,1.0127000,2938
06/12/19,000000,1.0125000,1.0135000,1.0079000,1.0094000,2660
08/12/19,000000,1.0089000,1.0098000,1.0081000,1.0093000,254
09/12/19,000000,1.0090000,1.0124000,1.0084000,1.0121000,2791
10/12/19,000000,1.0118000,1.0167000,1.0114000,1.0155000,2792
11/12/19,000000,1.0153000,1.0187000,1.0134000,1.0176000,2876
12/12/19,000000,1.0174000,1.0192000,1.0124000,1.0150000,2935
13/12/19,000000,1.0148000,1.0196000,1.0136000,1.0155000,2799
15/12/19,000000,1.0153000,1.0168000,1.0150000,1.0161000,301
16/12/19,000000,1.0159000,1.0181000,1.0153000,1.0168000,2837
17/12/19,000000,1.0166000,1.0206000,1.0154000,1.0203000,2826
18/12/19,000000,1.0201000,1.0207000,1.0179000,1.0197000,2909
19/12/19,000000,1.0199000,1.0233000,1.0188000,1.0219000,2865
20/12/19,000000,1.0217000,1.0221000,1.0165000,1.0166000,2640
22/12/19,000000,1.0172000,1.0183000,1.0160000,1.0179000,266
23/12/19,000000,1.0176000,1.0201000,1.0171000,1.0187000,2745
24/12/19,000000,1.0184000,1.0205000,1.0168000,1.0195000,2642
25/12/19,000000,1.0200000,1.0405000,1.0169000,1.0205000,787
26/12/19,000000,1.0203000,1.0205000,1.0179000,1.0187000,2111
27/12/19,000000,1.0184000,1.0275000,1.0184000,1.0249000,2692
29/12/19,000000,1.0258000,1.0269000,1.0232000,1.0267000,276
30/12/19,000000,1.0262000,1.0335000,1.0260000,1.0318000,2934
31/12/19,000000,1.0316000,1.0364000,1.0305000,1.0329000,2639
01/01/20,000000,1.0329000,1.0374000,1.0283000,1.0331000,442
02/01/20,000000,1.0329000,1.0332000,1.0272000,1.0292000,2937
03/01/20,000000,1.0287000,1.0320000,1.0259000,1.0270000,2715
05/01/20,000000,1.0288000,1.0302000,1.0287000,1.0291000,317
06/01/20,000000,1.0288000,1.0332000,1.0287000,1.0323000,2993
07/01/20,000000,1.0321000,1.0325000,1.0275000,1.0321000,3039
08/01/20,000000,1.0318000,1.0344000,1.0262000,1.0272000,3123
09/01/20,000000,1.0270000,1.0295000,1.0256000,1.0274000,2940
10/01/20,000000,1.0271000,1.0286000,1.0240000,1.0279000,2652
12/01/20,000000,1.0269000,1.0284000,1.0240000,1.0274000,306
13/01/20,000000,1.0271000,1.0313000,1.0265000,1.0297000,2734
14/01/20,000000,1.0295000,1.0344000,1.0291000,1.0338000,2976
15/01/20,000000,1.0336000,1.0382000,1.0327000,1.0374000,2958
16/01/20,000000,1.0372000,1.0400000,1.0355000,1.0361000,2850
17/01/20,000000,1.0359000,1.0366000,1.0311000,1.0329000,2736
19/01/20,000000,1.0325000,1.0332000,1.0320000,1.0327000,354
20/01/20,000000,1.0325000,1.0333000,1.0307000,1.0324000,2759
21/01/20,000000,1.0322000,1.0349000,1.0316000,1.0320000,2892
22/01/20,000000,1.0317000,1.0335000,1.0277000,1.0335000,2891
23/01/20,000000,1.0333000,1.0340000,1.0301000,1.0312000,2952
24/01/20,000000,1.0309000,1.0316000,1.0286000,1.0292000,2651
26/01/20,000000,1.0296000,1.0316000,1.0291000,1.0307000,448
27/01/20,000000,1.0304000,1.0327000,1.0286000,1.0308000,2884
28/01/20,000000,1.0306000,1.0330000,1.0262000,1.0275000,2821
29/01/20,000000,1.0274000,1.0278000,1.0236000,1.0273000,2902
30/01/20,000000,1.0271000,1.0328000,1.0271000,1.0313000,2811
31/01/20,000000,1.0310000,1.0383000,1.0291000,1.0378000,2756
02/02/20,000000,1.0359000,1.0382000,1.0349000,1.0378000,395
03/02/20,000000,1.0374000,1.0382000,1.0341000,1.0352000,3031
04/02/20,000000,1.0351000,1.0353000,1.0302000,1.0315000,3000
05/02/20,000000,1.0312000,1.0331000,1.0257000,1.0271000,2889
06/02/20,000000,1.0269000,1.0274000,1.0245000,1.0256000,2935
07/02/20,000000,1.0256000,1.0265000,1.0220000,1.0223000,2853
09/02/20,000000,1.0223000,1.0240800,1.0222000,1.0235000,355
10/02/20,000000,1.0236100,1.0239800,1.0217000,1.0229200,3087
11/02/20,000000,1.0229300,1.0253300,1.0213000,1.0245000,2888
12/02/20,000000,1.0245400,1.0263900,1.0214000,1.0224000,3015
13/02/20,000000,1.0227500,1.0242400,1.0201300,1.0212400,3056
14/02/20,000000,1.0210900,1.0211700,1.0177000,1.0178000,2700
16/02/20,000000,1.0178000,1.0189000,1.0169000,1.0182000,338
17/02/20,000000,1.0183800,1.0196100,1.0171000,1.0194500,2709
18/02/20,000000,1.0192000,1.0205500,1.0160000,1.0168700,2906
19/02/20,000000,1.0166000,1.0175000,1.0154000,1.0162000,2906
20/02/20,000000,1.0164200,1.0185800,1.0151000,1.0162600,3037
21/02/20,000000,1.0162900,1.0231900,1.0158000,1.0218000,2803
23/02/20,000000,1.0217000,1.0219700,1.0186000,1.0213400,417
24/02/20,000000,1.0213200,1.0238600,1.0185000,1.0203000,3036
25/02/20,000000,1.0203900,1.0252800,1.0197000,1.0243200,2935
26/02/20,000000,1.0241900,1.0275900,1.0224000,1.0239100,3051
27/02/20,000000,1.0238800,1.0333800,1.0238800,1.0319800,2872
28/02/20,000000,1.0318500,1.0403700,1.0310000,1.0353000,2637
01/03/20,000000,1.0354000,1.0393200,1.0334000,1.0372200,473
02/03/20,000000,1.0370000,1.0473900,1.0354000,1.0430000,3002
03/03/20,000000,1.0428000,1.0501600,1.0416000,1.0459900,2785
04/03/20,000000,1.0460400,1.0487700,1.0419000,1.0449000,3059
05/03/20,000000,1.0451800,1.0584100,1.0445000,1.0567000,2970
06/03/20,000000,1.0570000,1.0728200,1.0561000,1.0661000,2769
08/03/20,000000,1.0656000,1.0786700,1.0656000,1.0781200,508
09/03/20,000000,1.0780100,1.0877900,1.0731200,1.0769000,2894
10/03/20,000000,1.0765400,1.0786400,1.0622700,1.0671400,2717
11/03/20,000000,1.0671400,1.0721100,1.0632900,1.0647400,2678
12/03/20,000000,1.0644900,1.0725100,1.0474000,1.0585200,2745
13/03/20,000000,1.0586500,1.0610400,1.0449000,1.0511000,2399
15/03/20,000000,1.0487000,1.0590000,1.0461000,1.0558000,678
16/03/20,000000,1.0563500,1.0645200,1.0495700,1.0551800,3003
17/03/20,000000,1.0551000,1.0553100,1.0364000,1.0416800,3005
18/03/20,000000,1.0416000,1.0450000,1.0254000,1.0328000,2868
19/03/20,000000,1.0327000,1.0359200,1.0109000,1.0111100,3030
20/03/20,000000,1.0111000,1.0258600,1.0097000,1.0137000,2658
22/03/20,000000,1.0129000,1.0152900,1.0099000,1.0146700,389
23/03/20,000000,1.0145700,1.0209100,1.0111000,1.0182100,2814
24/03/20,000000,1.0181800,1.0286600,1.0155000,1.0196100,3113
25/03/20,000000,1.0199900,1.0249400,1.0168000,1.0240800,3056
26/03/20,000000,1.0240800,1.0410600,1.0230000,1.0395300,3148
27/03/20,000000,1.0393800,1.0517000,1.0353000,1.0512000,2913
29/03/20,000000,1.0512000,1.0520400,1.0465300,1.0518800,506
30/03/20,000000,1.0517800,1.0517800,1.0403000,1.0413700,3273
31/03/20,000000,1.0413300,1.0422900,1.0328000,1.0396700,3169
01/04/20,000000,1.0396300,1.0411100,1.0316000,1.0345000,3195
02/04/20,000000,1.0345200,1.0352100,1.0252000,1.0259000,3087
03/04/20,000000,1.0259300,1.0273800,1.0204000,1.0231000,2949
05/04/20,000000,1.0242000,1.0242000,1.0227000,1.0229000,112
06/04/20,000000,1.0227000,1.0242300,1.0206500,1.0220000,3162
07/04/20,000000,1.0221400,1.0322700,1.0213000,1.0315000,3200
08/04/20,000000,1.0313200,1.0318000,1.0260000,1.0286400,3244
09/04/20,000000,1.0286600,1.0362800,1.0270000,1.0336800,3163
10/04/20,000000,1.0336600,1.0369200,1.0327900,1.0352000,2644
12/04/20,000000,1.0349000,1.0357000,1.0337000,1.0348000,135
13/04/20,000000,1.0349000,1.0379000,1.0320000,1.0341000,699
14/04/20,000000,1.0338000,1.0417100,1.0338000,1.0413800,1918
15/04/20,000000,1.0412900,1.0416300,1.0305000,1.0358600,3137
16/04/20,000000,1.0358100,1.0363700,1.0289000,1.0315900,3183
17/04/20,000000,1.0317200,1.0351600,1.0281000,1.0335000,2893
19/04/20,000000,1.0311000,1.0337000,1.0296800,1.0329200,410
20/04/20,000000,1.0328800,1.0354900,1.0306000,1.0327900,3225
21/04/20,000000,1.0327700,1.0338000,1.0278000,1.0309700,3100
22/04/20,000000,1.0309000,1.0339400,1.0272000,1.0276700,3157
23/04/20,000000,1.0276600,1.0299500,1.0229000,1.0240200,3148
24/04/20,000000,1.0240300,1.0276500,1.0199000,1.0274000,2907
26/04/20,000000,1.0272000,1.0278000,1.0263000,1.0267000,433
27/04/20,000000,1.0269000,1.0293800,1.0235000,1.0245400,3216
28/04/20,000000,1.0244600,1.0285200,1.0202000,1.0267400,3267
29/04/20,000000,1.0266600,1.0294000,1.0235000,1.0266000,3224
30/04/20,000000,1.0265000,1.0369400,1.0244000,1.0345300,3222
01/05/20,000000,1.0343900,1.0426400,1.0338000,1.0400000,2950
03/05/20,000000,1.0400000,1.0402000,1.0377000,1.0384000,146
04/05/20,000000,1.0383000,1.0383000,1.0345000,1.0353400,1719
05/05/20,000000,1.0354100,1.0365200,1.0269000,1.0279700,3138
06/05/20,000000,1.0279600,1.0284700,1.0242000,1.0249000,3194
07/05/20,000000,1.0250700,1.0280300,1.0218000,1.0274800,3118
08/05/20,000000,1.0275500,1.0327200,1.0269000,1.0295000,2865
10/05/20,000000,1.0297000,1.0297000,1.0270000,1.0294700,421
11/05/20,000000,1.0294400,1.0306900,1.0267000,1.0274000,3220
12/05/20,000000,1.0274000,1.0344500,1.0252000,1.0308300,2975
13/05/20,000000,1.0308100,1.0342000,1.0278000,1.0286500,3147
14/05/20,000000,1.0286300,1.0292400,1.0247000,1.0273500,3197
15/05/20,000000,1.0273400,1.0309000,1.0260000,1.0284000,2785
17/05/20,000000,1.0289000,1.0310000,1.0271600,1.0286200,379
18/05/20,000000,1.0283000,1.0330500,1.0252000,1.0288400,3166
19/05/20,000000,1.0286000,1.0308500,1.0275000,1.0294800,3142
20/05/20,000000,1.0291000,1.0372500,1.0291000,1.0361800,3037
21/05/20,000000,1.0361600,1.0361600,1.0292000,1.0299900,3109
22/05/20,000000,1.0297000,1.0307300,1.0269000,1.0289000,2841
24/05/20,000000,1.0294000,1.0294600,1.0279300,1.0294200,330
25/05/20,000000,1.0293800,1.0302600,1.0265000,1.0292600,2910
26/05/20,000000,1.0290000,1.0364500,1.0286000,1.0355400,2931
27/05/20,000000,1.0355600,1.0355600,1.0277000,1.0328200,3207
28/05/20,000000,1.0326000,1.0381400,1.0287400,1.0368700,3218
29/05/20,000000,1.0366000,1.0411700,1.0361000,1.0398000,2924
31/05/20,000000,1.0414000,1.0419000,1.0396000,1.0406000,127
01/06/20,000000,1.0402000,1.0433000,1.0386000,1.0400000,720
02/06/20,000000,1.0401000,1.0443300,1.0375000,1.0395700,3070
03/06/20,000000,1.0395300,1.0406700,1.0361000,1.0397000,3252
04/06/20,000000,1.0398900,1.0476000,1.0388000,1.0460000,3182
05/06/20,000000,1.0462200,1.0477800,1.0360000,1.0389000,2893
07/06/20,000000,1.0387000,1.0411000,1.0383700,1.0399700,401
08/06/20,000000,1.0396000,1.0462800,1.0370000,1.0440700,3102
09/06/20,000000,1.0438000,1.0543200,1.0428000,1.0511900,3126
10/06/20,000000,1.0510000,1.0608300,1.0503000,1.0594300,3178
11/06/20,000000,1.0594800,1.0662800,1.0567000,1.0589500,3254
12/06/20,000000,1.0587300,1.0593600,1.0465800,1.0496000,2889
14/06/20,000000,1.0498000,1.0509000,1.0458100,1.0508400,420
15/06/20,000000,1.0505000,1.0546200,1.0473000,1.0533600,3205
16/06/20,000000,1.0531000,1.0564900,1.0500000,1.0509900,3148
17/06/20,000000,1.0507000,1.0544900,1.0493000,1.0538700,3044
18/06/20,000000,1.0537900,1.0543800,1.0497000,1.0504500,3195
19/06/20,000000,1.0501000,1.0537200,1.0491400,1.0497000,2783
21/06/20,000000,1.0494000,1.0514000,1.0476500,1.0495000,370
22/06/20,000000,1.0497800,1.0562100,1.0495000,1.0556000,3107
23/06/20,000000,1.0558900,1.0613300,1.0531000,1.0585800,3162
24/06/20,000000,1.0586300,1.0599000,1.0538000,1.0542000,3148
25/06/20,000000,1.0544600,1.0550800,1.0517800,1.0540000,3149
26/06/20,000000,1.0542500,1.0560500,1.0523000,1.0543000,2814
28/06/20,000000,1.0543000,1.0551000,1.0540500,1.0546300,368
29/06/20,000000,1.0547200,1.0589300,1.0495000,1.0511000,3051
30/06/20,000000,1.0510000,1.0566600,1.0487000,1.0556000,3068
01/07/20,000000,1.0553000,1.0585500,1.0531000,1.0571300,3122
02/07/20,000000,1.0569000,1.0606100,1.0561000,1.0573400,2970
03/07/20,000000,1.0571000,1.0587100,1.0556000,1.0581000,2741
05/07/20,000000,1.0577000,1.0582200,1.0561100,1.0580300,304
06/07/20,000000,1.0579000,1.0653600,1.0579000,1.0615200,2966
07/07/20,000000,1.0612000,1.0626700,1.0575000,1.0608300,3052
08/07/20,000000,1.0606000,1.0670300,1.0598000,1.0655600,3072
09/07/20,000000,1.0656600,1.0679000,1.0622000,1.0632500,3060
10/07/20,000000,1.0631000,1.0653600,1.0600000,1.0621600,2659
12/07/20,000000,1.0620000,1.0634200,1.0585000,1.0629900,373
13/07/20,000000,1.0630200,1.0644600,1.0594000,1.0615700,2796
14/07/20,000000,1.0615900,1.0658100,1.0605000,1.0640100,2710
15/07/20,000000,1.0640500,1.0669800,1.0570000,1.0591600,2982
16/07/20,000000,1.0591200,1.0603200,1.0558000,1.0575900,3069
17/07/20,000000,1.0575700,1.0658900,1.0568000,1.0650000,2731
19/07/20,000000,1.0631000,1.0657700,1.0614700,1.0654800,407
20/07/20,000000,1.0654300,1.0665900,1.0623000,1.0649200,3046
21/07/20,000000,1.0649900,1.0725800,1.0639000,1.0721800,3125
22/07/20,000000,1.0722200,1.0765500,1.0691000,1.0752100,3157
23/07/20,000000,1.0752600,1.0814100,1.0750000,1.0804600,3122
24/07/20,000000,1.0802000,1.0861000,1.0795000,1.0858000,2921
26/07/20,000000,1.0860000,1.0863000,1.0831200,1.0854400,434
27/07/20,000000,1.0855100,1.0906600,1.0831000,1.0872500,3246
28/07/20,000000,1.0872400,1.0920200,1.0833000,1.0891900,3181
29/07/20,000000,1.0891700,1.0964500,1.0882000,1.0956700,3184
30/07/20,000000,1.0956400,1.1008300,1.0923000,1.1003300,3267
31/07/20,000000,1.1002300,1.1040000,1.0927000,1.0947000,3007
02/08/20,000000,1.0945000,1.0953700,1.0930000,1.0944700,415
03/08/20,000000,1.0944800,1.0947200,1.0821000,1.0893000,3253
04/08/20,000000,1.0894900,1.0956700,1.0880000,1.0956500,3102
05/08/20,000000,1.0954600,1.1047100,1.0944000,1.1010400,3056
06/08/20,000000,1.1010100,1.1028000,1.0952400,1.0986200,3159
07/08/20,000000,1.0987500,1.0991000,1.0917900,1.0955000,2913
09/08/20,000000,1.0955000,1.0961000,1.0930900,1.0953500,428
10/08/20,000000,1.0954200,1.0960700,1.0884000,1.0919500,3032
11/08/20,000000,1.0920100,1.0980700,1.0892000,1.0897200,3190
12/08/20,000000,1.0898000,1.0987000,1.0869000,1.0965000,3207
13/08/20,000000,1.0965300,1.1008700,1.0962000,1.0990600,3150
14/08/20,000000,1.0991500,1.1002600,1.0960000,1.0996000,2902
16/08/20,000000,1.0993000,1.1002900,1.0989000,1.1001400,337
17/08/20,000000,1.1000700,1.1046000,1.0990000,1.1028800,3037
18/08/20,000000,1.1028700,1.1097000,1.1026000,1.1075000,3142
19/08/20,000000,1.1074800,1.1085300,1.0917700,1.0929500,3239
20/08/20,000000,1.0928500,1.1023900,1.0912000,1.1022900,3236
21/08/20,000000,1.1023400,1.1033200,1.0937000,1.0966000,2900
23/08/20,000000,1.0969000,1.0970200,1.0932400,1.0962900,372
24/08/20,000000,1.0963500,1.1016600,1.0951000,1.0963500,3130
25/08/20,000000,1.0963600,1.1018300,1.0956000,1.1010200,3114
26/08/20,000000,1.1010000,1.1020700,1.0961000,1.1017500,3111
27/08/20,000000,1.1017300,1.1064300,1.0959000,1.0996200,3168
28/08/20,000000,1.0994000,1.1079100,1.0986000,1.1055000,2986
30/08/20,000000,1.1060000,1.1066900,1.1022100,1.1064700,400
31/08/20,000000,1.1064100,1.1109500,1.1045000,1.1059100,3135
01/09/20,000000,1.1059900,1.1109200,1.0986000,1.0993800,3169
02/09/20,000000,1.0995400,1.0995400,1.0945000,1.0970900,3130
03/09/20,000000,1.0970600,1.1004900,1.0936000,1.0986400,3157
04/09/20,000000,1.0987200,1.0998700,1.0909000,1.0944000,2846
06/09/20,000000,1.0942000,1.0953000,1.0923800,1.0944300,371
07/09/20,000000,1.0944400,1.0961600,1.0899000,1.0909600,2946
08/09/20,000000,1.0909900,1.0919500,1.0867000,1.0890200,3106
09/09/20,000000,1.0891100,1.0965000,1.0878000,1.0960500,3020
10/09/20,000000,1.0960300,1.1046900,1.0958000,1.0983800,3106
11/09/20,000000,1.0984600,1.1011600,1.0978000,1.0998000,2782
13/09/20,000000,1.0993000,1.1003500,1.0984000,1.0999200,344
14/09/20,000000,1.1000400,1.1036900,1.0986000,1.1006100,3029
15/09/20,000000,1.1005600,1.1045300,1.0999000,1.1003500,3097
16/09/20,000000,1.1002300,1.1041500,1.0974000,1.0980300,3252
17/09/20,000000,1.0980500,1.1011400,1.0941000,1.1007600,3150
18/09/20,000000,1.1008700,1.1017500,1.0968000,1.0969000,2896
20/09/20,000000,1.0969000,1.0985000,1.0966000,1.0973900,398
21/09/20,000000,1.0973000,1.1002900,1.0901000,1.0922800,3134
22/09/20,000000,1.0921800,1.0941500,1.0858000,1.0867500,3159
23/09/20,000000,1.0867200,1.0879400,1.0813000,1.0819200,3220
24/09/20,000000,1.0818700,1.0848800,1.0773000,1.0788200,3167
25/09/20,000000,1.0787000,1.0807600,1.0754000,1.0764000,2803
27/09/20,000000,1.0759000,1.0774000,1.0751000,1.0770900,382
28/09/20,000000,1.0769800,1.0824100,1.0754000,1.0822500,3076
29/09/20,000000,1.0821300,1.0878600,1.0810000,1.0872000,3022
30/09/20,000000,1.0874500,1.0911700,1.0816600,1.0856800,3218
01/10/20,000000,1.0857100,1.0909700,1.0848000,1.0879800,3104
02/10/20,000000,1.0880300,1.0888500,1.0845000,1.0858000,2875
04/10/20,000000,1.0868400,1.0911500,1.0850000,1.0886000,501
05/10/20,000000,1.0890700,1.0933000,1.0881000,1.0923000,3057
06/10/20,000000,1.0924500,1.0946600,1.0885000,1.0896900,3096
07/10/20,000000,1.0896800,1.0915500,1.0882000,1.0901000,3001
08/10/20,000000,1.0902700,1.0917800,1.0870000,1.0902000,2960
09/10/20,000000,1.0903400,1.0993800,1.0899000,1.0990000,2714
11/10/20,000000,1.0973100,1.0986500,1.0960000,1.0980300,484
12/10/20,000000,1.0980100,1.1002100,1.0958800,1.0998000,2953
13/10/20,000000,1.0997800,1.0999200,1.0920000,1.0925800,3068
14/10/20,000000,1.0924900,1.0970600,1.0911000,1.0945700,3095
15/10/20,000000,1.0945800,1.0955000,1.0920000,1.0931000,3063
16/10/20,000000,1.0930700,1.0958700,1.0911000,1.0926000,2799
18/10/20,000000,1.0923100,1.0933000,1.0919400,1.0925600,306
19/10/20,000000,1.0925400,1.0998900,1.0908000,1.0979900,2876
20/10/20,000000,1.0979500,1.1041300,1.0974000,1.1026000,2987
21/10/20,000000,1.1025200,1.1071400,1.1023000,1.1036300,3073
22/10/20,000000,1.1035800,1.1042100,1.1009000,1.1015500,3007
23/10/20,000000,1.1015200,1.1066700,1.0995000,1.1055000,2744
25/10/20,000000,1.1018000,1.1059700,1.1018000,1.1050000,480
26/10/20,000000,1.1051500,1.1055800,1.1005000,1.1008000,3059
27/10/20,000000,1.1011000,1.1033500,1.0986000,1.0999900,3038
28/10/20,000000,1.0999800,1.1005100,1.0953000,1.0976000,3078
29/10/20,000000,1.0978200,1.1000100,1.0898000,1.0919000,3065
30/10/20,000000,1.0922000,1.0940900,1.0893000,1.0904000,2842
01/11/20,000000,1.0903000,1.0938000,1.0892400,1.0900600,320
02/11/20,000000,1.0900000,1.0907700,1.0858000,1.0881300,2993
03/11/20,000000,1.0879000,1.0979300,1.0875000,1.0979300,3134
04/11/20,000000,1.0982200,1.0993500,1.0875400,1.0967200,3361
05/11/20,000000,1.0967400,1.1070100,1.0954000,1.1054700,3259
06/11/20,000000,1.1053600,1.1130500,1.1040000,1.1104000,3134
08/11/20,000000,1.1105000,1.1124200,1.1091600,1.1115000,371
09/11/20,000000,1.1116600,1.1128900,1.0930300,1.0952000,3043
10/11/20,000000,1.0954200,1.0968800,1.0895000,1.0926700,3175
11/11/20,000000,1.0926800,1.0940800,1.0878000,1.0904000,3115
12/11/20,000000,1.0906300,1.0948500,1.0900000,1.0928900,3111
13/11/20,000000,1.0930000,1.0956100,1.0917000,1.0953000,2902
15/11/20,000000,1.0954000,1.0962900,1.0927000,1.0959000,399
16/11/20,000000,1.0960900,1.0990000,1.0924000,1.0956000,3045
17/11/20,000000,1.0958600,1.1001300,1.0951000,1.0969000,3029
18/11/20,000000,1.0971500,1.0996600,1.0960000,1.0962000,3090
19/11/20,000000,1.0961700,1.0987000,1.0939000,1.0974000,3081
20/11/20,000000,1.0974600,1.0997100,1.0958000,1.0972000,2899
22/11/20,000000,1.0963900,1.0979800,1.0957900,1.0977000,267
23/11/20,000000,1.0979100,1.1015500,1.0929000,1.0955000,3040
24/11/20,000000,1.0957800,1.0988900,1.0942000,1.0975800,3173
25/11/20,000000,1.0975600,1.1013500,1.0941000,1.1006000,3174
26/11/20,000000,1.1009200,1.1034200,1.0992000,1.1027000,3029
27/11/20,000000,1.1028900,1.1059000,1.1005000,1.1052000,2814
29/11/20,000000,1.1045000,1.1059500,1.1041600,1.1055000,273
30/11/20,000000,1.1055800,1.1085200,1.0993000,1.1006000,3109
01/12/20,000000,1.1008000,1.1116200,1.1002000,1.1114700,3002
02/12/20,000000,1.1112600,1.1176900,1.1091000,1.1174000,3079
03/12/20,000000,1.1174600,1.1244900,1.1163000,1.1220000,3079
04/12/20,000000,1.1222900,1.1251100,1.1203000,1.1206000,2971
06/12/20,000000,1.1206000,1.1220000,1.1185000,1.1208000,472
07/12/20,000000,1.1209500,1.1265200,1.1175900,1.1223300,3040
08/12/20,000000,1.1222200,1.1257300,1.1214000,1.1248000,2966
09/12/20,000000,1.1249500,1.1270200,1.1215000,1.1238000,3037
10/12/20,000000,1.1241500,1.1294200,1.1231000,1.1283000,3093
11/12/20,000000,1.1285100,1.1295800,1.1221000,1.1234000,2866
13/12/20,000000,1.1238000,1.1257000,1.1223000,1.1250000,491
14/12/20,000000,1.1251800,1.1296900,1.1238000,1.1273000,3061
15/12/20,000000,1.1275400,1.1296700,1.1258000,1.1290500,3046
16/12/20,000000,1.1290000,1.1328100,1.1244000,1.1290000,3099
17/12/20,000000,1.1292500,1.1331400,1.1286000,1.1298000,3129
18/12/20,000000,1.1300100,1.1328900,1.1273000,1.1320000,2911
20/12/20,000000,1.1320000,1.1342000,1.1283900,1.1287100,492
21/12/20,000000,1.1286900,1.1307700,1.1211500,1.1289600,2786
22/12/20,000000,1.1288600,1.1303400,1.1225000,1.1261100,3097
23/12/20,000000,1.1259100,1.1273000,1.1220000,1.1261600,3083
24/12/20,000000,1.1261700,1.1273700,1.1207000,1.1213000,2901
25/12/20,000000,1.1214000,1.1243000,1.1209000,1.1221000,535
27/12/20,000000,1.1227200,1.1241000,1.1221000,1.1237000,253
28/12/20,000000,1.1241300,1.1263500,1.1209000,1.1254700,3169
29/12/20,000000,1.1254400,1.1321200,1.1252000,1.1306000,3007
30/12/20,000000,1.1308200,1.1345600,1.1290000,1.1337000,3175
31/12/20,000000,1.1340600,1.1366700,1.1280000,1.1296000,2995
01/01/21,000000,1.1296000,1.1312000,1.1293000,1.1297000,197
03/01/21,000000,1.1323000,1.1328000,1.1295800,1.1320800,342
04/01/21,000000,1.1319600,1.1381300,1.1301000,1.1345100,3220
05/01/21,000000,1.1344500,1.1393100,1.1338000,1.1384700,3209
06/01/21,000000,1.1385000,1.1416300,1.1333000,1.1384000,3298
07/01/21,000000,1.1384900,1.1393800,1.1282900,1.1294800,3254
08/01/21,000000,1.1293200,1.1331600,1.1254300,1.1292000,3087
10/01/21,000000,1.1278300,1.1292000,1.1260000,1.1264600,320
11/01/21,000000,1.1265300,1.1273100,1.1208000,1.1238100,3256
12/01/21,000000,1.1238600,1.1283500,1.1212000,1.1281000,3206
13/01/21,000000,1.1284900,1.1297300,1.1246000,1.1270200,3203
14/01/21,000000,1.1269800,1.1289300,1.1211000,1.1256000,2973
15/01/21,000000,1.1255300,1.1272600,1.1213000,1.1215000,3000
17/01/21,000000,1.1220000,1.1235600,1.1202000,1.1202200,359
18/01/21,000000,1.1203500,1.1235600,1.1201000,1.1222400,3097
19/01/21,000000,1.1222700,1.1279200,1.1211000,1.1258300,3089
20/01/21,000000,1.1254800,1.1275400,1.1207000,1.1242800,3151
21/01/21,000000,1.1241900,1.1299500,1.1234000,1.1292400,3139
22/01/21,000000,1.1293000,1.1312100,1.1275000,1.1294000,2969
24/01/21,000000,1.1275800,1.1295900,1.1271300,1.1287000,294
25/01/21,000000,1.1290100,1.1299500,1.1240400,1.1256000,3143
26/01/21,000000,1.1257900,1.1283500,1.1237000,1.1276800,3090
27/01/21,000000,1.1276700,1.1282700,1.1212000,1.1241000,3230
28/01/21,000000,1.1243500,1.1271800,1.1210000,1.1250000,3264
29/01/21,000000,1.1250800,1.1265300,1.1218000,1.1222000,3042
31/01/21,000000,1.1225400,1.1232000,1.1208000,1.1215100,273
01/02/21,000000,1.1214500,1.1225600,1.1138000,1.1152000,3173
02/02/21,000000,1.1151700,1.1174900,1.1114000,1.1134200,3189
03/02/21,000000,1.1134900,1.1145300,1.1105000,1.1128700,3085
04/02/21,000000,1.1129000,1.1129000,1.1052000,1.1059300,3118
05/02/21,000000,1.1059200,1.1122600,1.1051000,1.1120000,2746
07/02/21,000000,1.1121000,1.1124400,1.1103800,1.1120700,472
08/02/21,000000,1.1121000,1.1130800,1.1083000,1.1125500,3049
09/02/21,000000,1.1124600,1.1209100,1.1122000,1.1201200,3138
10/02/21,000000,1.1201500,1.1246200,1.1193000,1.1228000,3054
11/02/21,000000,1.1226000,1.1243900,1.1218000,1.1232600,2889
12/02/21,000000,1.1231900,1.1234700,1.1182000,1.1208000,2819
14/02/21,000000,1.1209000,1.1246000,1.1195200,1.1207000,358
15/02/21,000000,1.1209800,1.1237000,1.1201000,1.1235000,3032
16/02/21,000000,1.1234800,1.1270200,1.1183000,1.1188700,3091
17/02/21,000000,1.1188400,1.1199300,1.1116600,1.1125000,3137
18/02/21,000000,1.1126900,1.1162500,1.1113000,1.1157300,3010
19/02/21,000000,1.1158700,1.1190900,1.1141000,1.1150000,2910
21/02/21,000000,1.1154000,1.1157000,1.1140000,1.1148400,363
22/02/21,000000,1.1149100,1.1172200,1.1080700,1.1158000,3108
23/02/21,000000,1.1160800,1.1172600,1.1038000,1.1044600,3149
24/02/21,000000,1.1045200,1.1048000,1.0992000,1.1026800,3153
25/02/21,000000,1.1025400,1.1074200,1.1011000,1.1039300,3271
26/02/21,000000,1.1041100,1.1075900,1.0983000,1.1002000,3126
28/02/21,000000,1.1002000,1.1019300,1.0991700,1.1019300,347
01/03/21,000000,1.1019200,1.1022300,1.0914000,1.0926500,3140
02/03/21,000000,1.0927000,1.0942900,1.0874000,1.0925400,3120
03/03/21,000000,1.0926400,1.0938000,1.0865000,1.0866900,3014
04/03/21,000000,1.0866800,1.0880100,1.0752000,1.0759000,3198
05/03/21,000000,1.0758800,1.0798800,1.0728000,1.0737000,3028
07/03/21,000000,1.0733300,1.0761000,1.0729100,1.0748200,285
08/03/21,000000,1.0747500,1.0753100,1.0669000,1.0680100,3175
09/03/21,000000,1.0680500,1.0778000,1.0663000,1.0771800,3202
10/03/21,000000,1.0771500,1.0772300,1.0722000,1.0750000,3145
11/03/21,000000,1.0751300,1.0826500,1.0738000,1.0810900,3163
12/03/21,000000,1.0810700,1.0813200,1.0722000,1.0754000,2942
14/03/21,000000,1.0757000,1.0765000,1.0728600,1.0757000,460
15/03/21,000000,1.0757200,1.0788400,1.0735000,1.0777100,3110
16/03/21,000000,1.0778200,1.0817400,1.0764000,1.0805000,3091
17/03/21,000000,1.0809000,1.0851200,1.0754000,1.0839000,3115
18/03/21,000000,1.0840200,1.0845000,1.0743000,1.0781100,3199
19/03/21,000000,1.0780300,1.0807000,1.0728000,1.0758000,2858
21/03/21,000000,1.0759600,1.0760000,1.0730000,1.0750000,511
22/03/21,000000,1.0750900,1.0840800,1.0738000,1.0827600,3079
23/03/21,000000,1.0826700,1.0828800,1.0694000,1.0698500,3066
24/03/21,000000,1.0700000,1.0707700,1.0669000,1.0681900,3114
25/03/21,000000,1.0681700,1.0693600,1.0631000,1.0641100,3167
26/03/21,000000,1.0641300,1.0655900,1.0615000,1.0644000,2769
28/03/21,000000,1.0646100,1.0649600,1.0630000,1.0640300,372
29/03/21,000000,1.0641400,1.0670100,1.0628000,1.0644000,3049
30/03/21,000000,1.0647300,1.0649200,1.0592000,1.0613000,2968
31/03/21,000000,1.0615900,1.0631600,1.0569000,1.0590000,3123
01/04/21,000000,1.0593300,1.0630300,1.0554000,1.0610000,3092
02/04/21,000000,1.0612400,1.0630600,1.0585800,1.0604000,2472
04/04/21,000000,1.0608000,1.0612900,1.0572000,1.0611000,375
05/04/21,000000,1.0611800,1.0687700,1.0591000,1.0678000,2863
06/04/21,000000,1.0681100,1.0747400,1.0639000,1.0740500,3077
07/04/21,000000,1.0740700,1.0787600,1.0732000,1.0755000,3007
08/04/21,000000,1.0757200,1.0829000,1.0746000,1.0818200,2966
09/04/21,000000,1.0817800,1.0824500,1.0772000,1.0813000,2707
11/04/21,000000,1.0814000,1.0819000,1.0792200,1.0802900,360
12/04/21,000000,1.0801900,1.0852400,1.0787000,1.0840000,3012
13/04/21,000000,1.0839900,1.0869400,1.0795000,1.0863900,3027
14/04/21,000000,1.0864300,1.0882700,1.0824500,1.0835200,3034
15/04/21,000000,1.0833400,1.0859800,1.0814000,1.0842000,3049
16/04/21,000000,1.0843400,1.0890100,1.0825000,1.0875000,2762
18/04/21,000000,1.0869000,1.0891000,1.0856000,1.0861500,331
19/04/21,000000,1.0860800,1.0951800,1.0848000,1.0924000,3076
20/04/21,000000,1.0927500,1.0944700,1.0903000,1.0912000,3025
21/04/21,000000,1.0913300,1.0922700,1.0872000,1.0906100,3045
22/04/21,000000,1.0906400,1.0934500,1.0877700,1.0899000,3060
23/04/21,000000,1.0901300,1.0953100,1.0897000,1.0941000,2767
25/04/21,000000,1.0940000,1.0961000,1.0932000,1.0938800,374
26/04/21,000000,1.0939000,1.0960800,1.0907000,1.0930900,3071
27/04/21,000000,1.0929500,1.0958300,1.0901000,1.0938200,2986
28/04/21,000000,1.0937800,1.1001000,1.0888000,1.0999700,3028
29/04/21,000000,1.0999000,1.1010500,1.0963000,1.0999900,2953
30/04/21,000000,1.0999700,1.1010100,1.0936000,1.0947000,2788
02/05/21,000000,1.0949000,1.0959000,1.0932900,1.0950000,331
03/05/21,000000,1.0949700,1.0994800,1.0930000,1.0966000,2796
04/05/21,000000,1.0968200,1.0969400,1.0914000,1.0943200,2975
05/05/21,000000,1.0943400,1.0959100,1.0909000,1.0949400,2827
06/05/21,000000,1.0949500,1.1018700,1.0931000,1.1013000,2979
07/05/21,000000,1.1015800,1.1103600,1.0993000,1.1101000,2780
09/05/21,000000,1.1097000,1.1108100,1.1040300,1.1103100,346
10/05/21,000000,1.1102200,1.1126900,1.1083000,1.1101100,3067
11/05/21,000000,1.1102100,1.1107300,1.1056000,1.1059200,3082
12/05/21,000000,1.1061000,1.1070000,1.0991900,1.1000700,3060
13/05/21,000000,1.1001000,1.1046400,1.0993000,1.1035500,3064
14/05/21,000000,1.1035300,1.1092800,1.1028000,1.1091000,2720
16/05/21,000000,1.1086000,1.1095000,1.1075000,1.1091400,300
17/05/21,000000,1.1090000,1.1106200,1.1064000,1.1067700,2899
18/05/21,000000,1.1066800,1.1157700,1.1063000,1.1139300,2961
19/05/21,000000,1.1139800,1.1148400,1.1050000,1.1059100,3085
20/05/21,000000,1.1058200,1.1146400,1.1052000,1.1139400,2759
21/05/21,000000,1.1139300,1.1165500,1.1106000,1.1134000,2679
23/05/21,000000,1.1135000,1.1143300,1.1115300,1.1138000,349
24/05/21,000000,1.1136300,1.1162500,1.1105000,1.1143000,2952
25/05/21,000000,1.1145600,1.1195200,1.1139000,1.1163000,3080
26/05/21,000000,1.1163300,1.1180900,1.1122700,1.1132000,3107
27/05/21,000000,1.1136600,1.1157600,1.1096000,1.1145300,3070
28/05/21,000000,1.1145200,1.1145200,1.1070000,1.1109000,2822
30/05/21,000000,1.1119000,1.1120000,1.1091200,1.1107000,283
31/05/21,000000,1.1107600,1.1131100,1.1092000,1.1128700,2808
01/06/21,000000,1.1129800,1.1174900,1.1109000,1.1145000,2929
02/06/21,000000,1.1145100,1.1150100,1.1077000,1.1129000,2859
03/06/21,000000,1.1129000,1.1135000,1.1044000,1.1066300,2826
04/06/21,000000,1.1062000,1.1130600,1.1039000,1.1118000,2770
06/06/21,000000,1.1114000,1.1123600,1.1090300,1.1118800,341
07/06/21,000000,1.1117900,1.1149600,1.1095000,1.1137200,2841
08/06/21,000000,1.1137300,1.1168400,1.1121000,1.1147300,2868
09/06/21,000000,1.1147100,1.1200300,1.1142000,1.1160300,2745
10/06/21,000000,1.1159800,1.1182900,1.1121000,1.1176200,2934
11/06/21,000000,1.1177000,1.1192300,1.1108000,1.1134000,2639
13/06/21,000000,1.1124000,1.1135800,1.1109300,1.1133000,332
14/06/21,000000,1.1134400,1.1135600,1.1100500,1.1115000,2997
15/06/21,000000,1.1118100,1.1151600,1.1099000,1.1124000,2904
16/06/21,000000,1.1127500,1.1137100,1.0996000,1.1001000,3105
17/06/21,000000,1.1002200,1.1016400,1.0880000,1.0894600,3207
18/06/21,000000,1.0894900,1.0905200,1.0821600,1.0830000,2877
20/06/21,000000,1.0829000,1.0842800,1.0823000,1.0837800,396
21/06/21,000000,1.0836700,1.0896500,1.0824000,1.0883100,3197
22/06/21,000000,1.0883200,1.0899300,1.0851000,1.0880000,3102
23/06/21,000000,1.0882600,1.0921500,1.0865000,1.0888400,3092
24/06/21,000000,1.0889300,1.0897800,1.0865000,1.0889200,3038
25/06/21,000000,1.0889100,1.0935600,1.0886000,1.0898000,2771
27/06/21,000000,1.0898000,1.0907100,1.0860600,1.0906800,341
28/06/21,000000,1.0905500,1.0905500,1.0850000,1.0872100,2992
29/06/21,000000,1.0871000,1.0879400,1.0828000,1.0856600,2961
30/06/21,000000,1.0854000,1.0860400,1.0793000,1.0807600,3040
01/07/21,000000,1.0807000,1.0825000,1.0783000,1.0798100,3001
02/07/21,000000,1.0797800,1.0867100,1.0780000,1.0857000,2785
04/07/21,000000,1.0895000,1.0895000,1.0814500,1.0844000,336
05/07/21,000000,1.0844200,1.0862100,1.0827600,1.0840900,2890
06/07/21,000000,1.0840100,1.0875000,1.0799000,1.0811800,3017
07/07/21,000000,1.0810700,1.0838500,1.0786700,1.0798000,3103
08/07/21,000000,1.0801500,1.0946300,1.0793000,1.0929800,3039
09/07/21,000000,1.0929700,1.0943700,1.0895000,1.0938000,2718
11/07/21,000000,1.0906000,1.0941000,1.0906000,1.0937900,317
12/07/21,000000,1.0936000,1.0948000,1.0899000,1.0926300,2944
13/07/21,000000,1.0925000,1.0935200,1.0865000,1.0880500,2950
14/07/21,000000,1.0878000,1.0936300,1.0866000,1.0930200,2976
15/07/21,000000,1.0930000,1.0965100,1.0875000,1.0892400,3070
16/07/21,000000,1.0890000,1.0898400,1.0863000,1.0867000,2713
18/07/21,000000,1.0873000,1.0885700,1.0844900,1.0884700,325
19/07/21,000000,1.0883600,1.0911500,1.0841000,1.0882700,2963
20/07/21,000000,1.0882800,1.0899200,1.0828000,1.0852700,3017
21/07/21,000000,1.0852800,1.0903400,1.0830000,1.0894400,2977
22/07/21,000000,1.0895200,1.0921100,1.0863000,1.0877900,2994
23/07/21,000000,1.0876000,1.0883500,1.0842000,1.0870000,2581
25/07/21,000000,1.0870000,1.0873900,1.0858400,1.0872500,305
26/07/21,000000,1.0871000,1.0928500,1.0862000,1.0920200,2914
27/07/21,000000,1.0918000,1.0952100,1.0882000,1.0933500,2972
28/07/21,000000,1.0935400,1.0990000,1.0906000,1.0989700,2925
29/07/21,000000,1.0989200,1.1042600,1.0983000,1.1036000,2884
30/07/21,000000,1.1038200,1.1060800,1.1015000,1.1041000,2737
01/08/21,000000,1.1001000,1.1043000,1.0963400,1.1035900,307
02/08/21,000000,1.1035700,1.1062800,1.1026000,1.1044100,2860
03/08/21,000000,1.1042000,1.1081000,1.1036000,1.1062100,2867
04/08/21,000000,1.1062500,1.1086100,1.1015000,1.1028100,2840
05/08/21,000000,1.1028600,1.1045500,1.1012000,1.1027100,2874
06/08/21,000000,1.1025000,1.1027900,1.0917000,1.0924000,2609
08/08/21,000000,1.0926000,1.0932000,1.0909000,1.0918200,367
09/08/21,000000,1.0918000,1.0931900,1.0854000,1.0856900,2857
10/08/21,000000,1.0855000,1.0873600,1.0824000,1.0832400,2804
11/08/21,000000,1.0831000,1.0863200,1.0817000,1.0848400,2830
12/08/21,000000,1.0846000,1.0854200,1.0817000,1.0831000,2749
13/08/21,000000,1.0829000,1.0925300,1.0821000,1.0921000,2549
15/08/21,000000,1.0913000,1.0926100,1.0888300,1.0921600,288
16/08/21,000000,1.0922100,1.0975700,1.0909000,1.0955500,2790
17/08/21,000000,1.0954000,1.0987100,1.0909700,1.0927600,2853
18/08/21,000000,1.0925000,1.0954300,1.0872100,1.0897100,2960
19/08/21,000000,1.0894000,1.0932500,1.0859000,1.0878000,2944
20/08/21,000000,1.0878000,1.0916100,1.0878000,1.0902000,2682
22/08/21,000000,1.0902000,1.0906200,1.0890400,1.0900200,288
23/08/21,000000,1.0900300,1.0960600,1.0893000,1.0957000,2937
24/08/21,000000,1.0958400,1.0973800,1.0938000,1.0948200,2822
25/08/21,000000,1.0948800,1.0955500,1.0916000,1.0941000,2954
26/08/21,000000,1.0942000,1.0944600,1.0876000,1.0891400,2928
27/08/21,000000,1.0892400,1.0979300,1.0868000,1.0972000,2729
29/08/21,000000,1.0976000,1.0976200,1.0957800,1.0970100,335
30/08/21,000000,1.0968000,1.0985400,1.0883000,1.0900600,2804
31/08/21,000000,1.0898000,1.0969400,1.0898000,1.0922800,2968
01/09/21,000000,1.0920000,1.0939800,1.0879000,1.0919600,3032
02/09/21,000000,1.0918000,1.0938000,1.0906000,1.0932600,2855
03/09/21,000000,1.0931000,1.0968000,1.0914000,1.0938000,2701
05/09/21,000000,1.0939000,1.0944000,1.0910300,1.0940600,332
06/09/21,000000,1.0938000,1.0940500,1.0903000,1.0928000,2759
07/09/21,000000,1.0926000,1.0947500,1.0868000,1.0873800,2997
08/09/21,000000,1.0871000,1.0886800,1.0826000,1.0845900,2948
09/09/21,000000,1.0843000,1.0913400,1.0838000,1.0908400,3021
10/09/21,000000,1.0906000,1.0926800,1.0884000,1.0888000,2736
12/09/21,000000,1.0868000,1.0892000,1.0858700,1.0885000,296
13/09/21,000000,1.0887000,1.0889300,1.0818000,1.0840700,2893
14/09/21,000000,1.0838000,1.0889800,1.0832000,1.0865900,2991
15/09/21,000000,1.0864000,1.0910300,1.0859000,1.0870500,2937
16/09/21,000000,1.0870000,1.0874800,1.0772000,1.0781000,2928
17/09/21,000000,1.0779000,1.0797000,1.0720000,1.0722000,2795
19/09/21,000000,1.0732000,1.0746000,1.0718700,1.0726700,317
20/09/21,000000,1.0725000,1.0784200,1.0711000,1.0777200,2921
21/09/21,000000,1.0776000,1.0837800,1.0769000,1.0826200,2981
22/09/21,000000,1.0825000,1.0849000,1.0774600,1.0790000,3000
23/09/21,000000,1.0790000,1.0846100,1.0779000,1.0812200,2973
24/09/21,000000,1.0811000,1.0841100,1.0796000,1.0814000,2710
26/09/21,000000,1.0813000,1.0822000,1.0800300,1.0813700,361
27/09/21,000000,1.0811000,1.0815400,1.0761000,1.0800800,2897
28/09/21,000000,1.0799000,1.0801100,1.0747000,1.0760100,2978
29/09/21,000000,1.0760000,1.0774000,1.0684800,1.0701100,3112
30/09/21,000000,1.0697000,1.0733200,1.0671000,1.0720600,3097
01/10/21,000000,1.0719000,1.0771800,1.0706000,1.0742000,2826
03/10/21,000000,1.0746000,1.0758500,1.0695100,1.0755300,371
04/10/21,000000,1.0754500,1.0830300,1.0737000,1.0808600,2973
05/10/21,000000,1.0807000,1.0813300,1.0759500,1.0768700,2981
06/10/21,000000,1.0766000,1.0783900,1.0739000,1.0776300,3114
07/10/21,000000,1.0774000,1.0805300,1.0756800,1.0767200,3040
08/10/21,000000,1.0765000,1.0797600,1.0741000,1.0782000,2768
10/10/21,000000,1.0780000,1.0791000,1.0772000,1.0775300,333
11/10/21,000000,1.0774000,1.0808600,1.0763000,1.0778400,2931
12/10/21,000000,1.0776000,1.0800500,1.0730700,1.0743400,2975
13/10/21,000000,1.0741000,1.0826200,1.0740000,1.0819000,2883
14/10/21,000000,1.0819400,1.0873500,1.0814000,1.0816100,2981
15/10/21,000000,1.0815800,1.0841800,1.0791000,1.0828000,2806
17/10/21,000000,1.0829000,1.0833700,1.0770400,1.0826200,377
18/10/21,000000,1.0825600,1.0839900,1.0782000,1.0825800,3025
19/10/21,000000,1.0825900,1.0885100,1.0822000,1.0831000,3025
20/10/21,000000,1.0832300,1.0884000,1.0804000,1.0879900,3095
21/10/21,000000,1.0879600,1.0901900,1.0860000,1.0890300,3070
22/10/21,000000,1.0889500,1.0925400,1.0883000,1.0912000,2815
24/10/21,000000,1.0909000,1.0928000,1.0885300,1.0907400,353
25/10/21,000000,1.0907500,1.0927000,1.0863000,1.0868500,3010
26/10/21,000000,1.0867000,1.0881700,1.0838000,1.0870400,2967
27/10/21,000000,1.0868000,1.0909700,1.0862000,1.0889700,3020
28/10/21,000000,1.0889100,1.0971000,1.0872000,1.0966200,3133
29/10/21,000000,1.0964000,1.0983900,1.0895000,1.0922000,2874
31/10/21,000000,1.0920000,1.0921000,1.0885200,1.0911800,363
01/11/21,000000,1.0914500,1.1000300,1.0899000,1.0994500,3088
02/11/21,000000,1.0994400,1.0998300,1.0925000,1.0928600,3033
03/11/21,000000,1.0928800,1.0980100,1.0924000,1.0970900,2947
04/11/21,000000,1.0971800,1.0973300,1.0932000,1.0955200,3021
05/11/21,000000,1.0953000,1.0971600,1.0899000,1.0958000,2831
07/11/21,000000,1.0960000,1.0963400,1.0925300,1.0963200,285
08/11/21,000000,1.0963000,1.0963000,1.0918000,1.0946000,3080
09/11/21,000000,1.0946200,1.0984600,1.0922000,1.0974700,3112
10/11/21,000000,1.0974600,1.0976800,1.0882000,1.0891600,3198
11/11/21,000000,1.0890800,1.0891800,1.0838000,1.0852400,3142
12/11/21,000000,1.0852500,1.0864700,1.0820000,1.0852000,2946
14/11/21,000000,1.0853000,1.0858000,1.0833700,1.0853700,283
15/11/21,000000,1.0854100,1.0882600,1.0797000,1.0804800,3129
16/11/21,000000,1.0803000,1.0823600,1.0735000,1.0746100,3161
17/11/21,000000,1.0744000,1.0777900,1.0716800,1.0767100,3232
18/11/21,000000,1.0767200,1.0807600,1.0759000,1.0799500,3147
19/11/21,000000,1.0799200,1.0808500,1.0758000,1.0763000,2938
21/11/21,000000,1.0765000,1.0779000,1.0737900,1.0759000,332
22/11/21,000000,1.0759300,1.0789000,1.0710000,1.0720200,3172
23/11/21,000000,1.0720000,1.0749000,1.0700000,1.0711000,3118
24/11/21,000000,1.0710700,1.0718000,1.0667000,1.0704000,3079
25/11/21,000000,1.0704200,1.0722400,1.0676700,1.0689700,3029
26/11/21,000000,1.0688900,1.0846000,1.0686000,1.0834000,3049
28/11/21,000000,1.0841000,1.0841000,1.0787000,1.0814400,342
29/11/21,000000,1.0814700,1.0835900,1.0782000,1.0832700,3260
30/11/21,000000,1.0832900,1.0917800,1.0793700,1.0873000,3282
01/12/21,000000,1.0873300,1.0903200,1.0845000,1.0860700,3237
02/12/21,000000,1.0860500,1.0893100,1.0842000,1.0869000,3101
03/12/21,000000,1.0869400,1.0907800,1.0844000,1.0895000,3038
05/12/21,000000,1.0888000,1.0894000,1.0860200,1.0884900,224
06/12/21,000000,1.0884800,1.0884900,1.0785000,1.0800000,3111
07/12/21,000000,1.0799000,1.0831400,1.0779000,1.0814400,3050
08/12/21,000000,1.0813000,1.0873200,1.0805000,1.0865100,3081
09/12/21,000000,1.0862000,1.0867000,1.0790000,1.0823200,3059
10/12/21,000000,1.0823200,1.0868000,1.0804000,1.0856000,2784
12/12/21,000000,1.0854000,1.0864000,1.0827800,1.0852200,270
13/12/21,000000,1.0847000,1.0859800,1.0800000,1.0838900,2971
14/12/21,000000,1.0836000,1.0881300,1.0812000,1.0818400,2925
15/12/21,000000,1.0815000,1.0828000,1.0758000,1.0814600,3051
16/12/21,000000,1.0814900,1.0879900,1.0800000,1.0879200,3124
17/12/21,000000,1.0879600,1.0897700,1.0812000,1.0815000,2994
19/12/21,000000,1.0815000,1.0829200,1.0808000,1.0828300,255
20/12/21,000000,1.0827100,1.0874700,1.0806000,1.0847000,3082
21/12/21,000000,1.0846800,1.0873100,1.0801000,1.0831300,3043
22/12/21,000000,1.0829000,1.0879200,1.0804000,1.0873900,3013
23/12/21,000000,1.0872900,1.0896300,1.0841000,1.0870600,2908
24/12/21,000000,1.0871400,1.0902900,1.0852400,1.0869000,2515
26/12/21,000000,1.0858900,1.0894800,1.0846000,1.0879900,184
27/12/21,000000,1.0880400,1.0901600,1.0867000,1.0900900,2848
28/12/21,000000,1.0899000,1.0915400,1.0878000,1.0901200,2888
29/12/21,000000,1.0899000,1.0953900,1.0864000,1.0940000,2885
30/12/21,000000,1.0940100,1.0948300,1.0888000,1.0940000,2910
31/12/21,000000,1.0939600,1.0982900,1.0928000,1.0960000,2690
